layer,module,loss,samples,damp,time
0,self_attn.k_proj,0.0000111967,0.05000,1.030
0,self_attn.q_proj,0.0000335768,0.05000,1.214
0,self_attn.v_proj,0.0000110557,0.05000,0.430
0,self_attn.o_proj,0.0000001736,0.05000,0.621
0,mlp.gate_proj,0.0000296779,0.05000,1.764
0,mlp.up_proj,0.0000295791,0.05000,1.796
0,mlp.down_proj,0.0000019294,0.05000,2.003
1,self_attn.k_proj,0.0000051485,0.05000,1.149
1,self_attn.q_proj,0.0000154960,0.05000,1.324
1,self_attn.v_proj,0.0000051599,0.05000,0.492
1,self_attn.o_proj,0.0000017544,0.05000,0.589
1,mlp.up_proj,0.0000312389,0.05000,1.757
1,mlp.gate_proj,0.0000311694,0.05000,1.788
1,mlp.down_proj,0.0000019296,0.05000,1.949
2,self_attn.k_proj,0.0000045088,0.05000,1.125
2,self_attn.q_proj,0.0000135920,0.05000,1.261
2,self_attn.v_proj,0.0000045154,0.05000,0.455
2,self_attn.o_proj,0.0000019592,0.05000,0.740
2,mlp.gate_proj,0.0000332536,0.05000,1.810
2,mlp.up_proj,0.0000332362,0.05000,1.826
2,mlp.down_proj,0.0000019136,0.05000,1.870
3,self_attn.k_proj,0.0000046142,0.05000,1.219
3,self_attn.q_proj,0.0000137413,0.05000,1.384
3,self_attn.v_proj,0.0000045839,0.05000,0.568
3,self_attn.o_proj,0.0000023337,0.05000,0.647
3,mlp.gate_proj,0.0000344269,0.05000,1.697
3,mlp.up_proj,0.0000341933,0.05000,1.715
3,mlp.down_proj,0.0000018693,0.05000,1.980
4,self_attn.k_proj,0.0000045700,0.05000,1.144
4,self_attn.q_proj,0.0000137529,0.05000,1.295
4,self_attn.v_proj,0.0000045870,0.05000,0.562
4,self_attn.o_proj,0.0000024565,0.05000,0.656
4,mlp.gate_proj,0.0000347930,0.05000,1.751
4,mlp.up_proj,0.0000349788,0.05000,1.768
4,mlp.down_proj,0.0000018508,0.05000,2.098
5,self_attn.k_proj,0.0000045143,0.05000,1.089
5,self_attn.q_proj,0.0000138048,0.05000,1.244
5,self_attn.v_proj,0.0000045698,0.05000,0.440
5,self_attn.o_proj,0.0000025356,0.05000,0.633
5,mlp.gate_proj,0.0000353517,0.05000,1.697
5,mlp.up_proj,0.0000356883,0.05000,1.705
5,mlp.down_proj,0.0000019657,0.05000,2.283
6,self_attn.k_proj,0.0000045735,0.05000,1.126
6,self_attn.q_proj,0.0000138071,0.05000,1.294
6,self_attn.v_proj,0.0000046256,0.05000,0.523
6,self_attn.o_proj,0.0000026096,0.05000,0.722
6,mlp.gate_proj,0.0000356175,0.05000,1.675
6,mlp.up_proj,0.0000356576,0.05000,1.690
6,mlp.down_proj,0.0000019375,0.05000,2.052
7,self_attn.k_proj,0.0000045767,0.05000,1.115
7,self_attn.q_proj,0.0000137454,0.05000,1.314
7,self_attn.v_proj,0.0000046062,0.05000,0.456
7,self_attn.o_proj,0.0000027321,0.05000,0.655
7,mlp.gate_proj,0.0000358176,0.05000,1.878
7,mlp.up_proj,0.0000357597,0.05000,1.920
7,mlp.down_proj,0.0000019478,0.05000,1.984
8,self_attn.k_proj,0.0000045978,0.05000,1.170
8,self_attn.q_proj,0.0000137824,0.05000,1.362
8,self_attn.v_proj,0.0000046095,0.05000,0.495
8,self_attn.o_proj,0.0000027053,0.05000,0.707
8,mlp.up_proj,0.0000359058,0.05000,1.789
8,mlp.gate_proj,0.0000359140,0.05000,1.800
8,mlp.down_proj,0.0000019075,0.05000,1.932
9,self_attn.k_proj,0.0000045584,0.05000,1.133
9,self_attn.q_proj,0.0000137377,0.05000,1.294
9,self_attn.v_proj,0.0000045651,0.05000,0.556
9,self_attn.o_proj,0.0000028384,0.05000,0.687
9,mlp.gate_proj,0.0000357760,0.05000,1.736
9,mlp.up_proj,0.0000359752,0.05000,1.750
9,mlp.down_proj,0.0000018853,0.05000,2.109
10,self_attn.k_proj,0.0000045802,0.05000,1.137
10,self_attn.q_proj,0.0000137182,0.05000,1.304
10,self_attn.v_proj,0.0000045421,0.05000,0.462
10,self_attn.o_proj,0.0000027561,0.05000,0.749
10,mlp.gate_proj,0.0000359189,0.05000,1.747
10,mlp.up_proj,0.0000356862,0.05000,1.775
10,mlp.down_proj,0.0000018389,0.05000,2.058
11,self_attn.k_proj,0.0000045054,0.05000,1.062
11,self_attn.q_proj,0.0000136834,0.05000,1.221
11,self_attn.v_proj,0.0000046012,0.05000,0.524
11,self_attn.o_proj,0.0000028694,0.05000,0.665
11,mlp.gate_proj,0.0000357814,0.05000,1.828
11,mlp.up_proj,0.0000357775,0.05000,1.847
11,mlp.down_proj,0.0000018642,0.05000,2.047
12,self_attn.k_proj,0.0000045439,0.05000,1.098
12,self_attn.q_proj,0.0000135910,0.05000,1.253
12,self_attn.v_proj,0.0000045476,0.05000,0.476
12,self_attn.o_proj,0.0000028198,0.05000,0.661
12,mlp.up_proj,0.0000358912,0.05000,1.673
12,mlp.gate_proj,0.0000356627,0.05000,1.693
12,mlp.down_proj,0.0000018125,0.05000,1.780
13,self_attn.k_proj,0.0000045356,0.05000,1.083
13,self_attn.q_proj,0.0000136708,0.05000,1.251
13,self_attn.v_proj,0.0000045580,0.05000,0.494
13,self_attn.o_proj,0.0000028291,0.05000,0.636
13,mlp.gate_proj,0.0000358714,0.05000,1.789
13,mlp.up_proj,0.0000359447,0.05000,1.822
13,mlp.down_proj,0.0000017813,0.05000,2.172
14,self_attn.k_proj,0.0000046064,0.05000,1.092
14,self_attn.q_proj,0.0000136396,0.05000,1.252
14,self_attn.v_proj,0.0000045339,0.05000,0.463
14,self_attn.o_proj,0.0000029358,0.05000,0.719
14,mlp.gate_proj,0.0000359156,0.05000,1.760
14,mlp.up_proj,0.0000357657,0.05000,1.790
14,mlp.down_proj,0.0000017631,0.05000,2.132
15,self_attn.k_proj,0.0000046312,0.05000,1.160
15,self_attn.q_proj,0.0000136804,0.05000,1.421
15,self_attn.v_proj,0.0000045176,0.05000,0.587
15,self_attn.o_proj,0.0000028441,0.05000,0.693
15,mlp.gate_proj,0.0000359764,0.05000,1.780
15,mlp.up_proj,0.0000359749,0.05000,1.825
15,mlp.down_proj,0.0000017735,0.05000,1.951
16,self_attn.k_proj,0.0000046020,0.05000,1.015
16,self_attn.q_proj,0.0000137150,0.05000,1.181
16,self_attn.v_proj,0.0000045320,0.05000,0.465
16,self_attn.o_proj,0.0000029345,0.05000,0.693
16,mlp.up_proj,0.0000360207,0.05000,1.586
16,mlp.gate_proj,0.0000358884,0.05000,1.602
16,mlp.down_proj,0.0000017135,0.05000,2.267
17,self_attn.k_proj,0.0000045697,0.05000,1.061
17,self_attn.q_proj,0.0000136086,0.05000,1.218
17,self_attn.v_proj,0.0000045260,0.05000,0.479
17,self_attn.o_proj,0.0000029740,0.05000,0.599
17,mlp.gate_proj,0.0000361484,0.05000,1.724
17,mlp.up_proj,0.0000362269,0.05000,1.753
17,mlp.down_proj,0.0000017640,0.05000,2.019
18,self_attn.k_proj,0.0000045485,0.05000,1.076
18,self_attn.q_proj,0.0000137286,0.05000,1.258
18,self_attn.v_proj,0.0000045436,0.05000,0.465
18,self_attn.o_proj,0.0000028728,0.05000,0.611
18,mlp.up_proj,0.0000362240,0.05000,1.615
18,mlp.gate_proj,0.0000361134,0.05000,1.627
18,mlp.down_proj,0.0000017410,0.05000,1.968
19,self_attn.k_proj,0.0000045703,0.05000,1.090
19,self_attn.q_proj,0.0000136153,0.05000,1.242
19,self_attn.v_proj,0.0000045657,0.05000,0.642
19,self_attn.o_proj,0.0000029094,0.05000,0.640
19,mlp.gate_proj,0.0000362214,0.05000,1.579
19,mlp.up_proj,0.0000361556,0.05000,1.611
19,mlp.down_proj,0.0000017329,0.05000,1.952
20,self_attn.k_proj,0.0000046442,0.05000,1.035
20,self_attn.q_proj,0.0000137016,0.05000,1.228
20,self_attn.v_proj,0.0000044893,0.05000,0.492
20,self_attn.o_proj,0.0000029356,0.05000,0.637
20,mlp.gate_proj,0.0000360099,0.05000,1.733
20,mlp.up_proj,0.0000361263,0.05000,1.762
20,mlp.down_proj,0.0000017386,0.05000,2.006
21,self_attn.k_proj,0.0000045663,0.05000,1.046
21,self_attn.q_proj,0.0000137193,0.05000,1.200
21,self_attn.v_proj,0.0000044996,0.05000,0.498
21,self_attn.o_proj,0.0000029968,0.05000,0.648
21,mlp.up_proj,0.0000361967,0.05000,1.660
21,mlp.gate_proj,0.0000362849,0.05000,1.673
21,mlp.down_proj,0.0000017507,0.05000,1.905
22,self_attn.k_proj,0.0000045743,0.05000,1.116
22,self_attn.q_proj,0.0000137123,0.05000,1.292
22,self_attn.v_proj,0.0000045726,0.05000,0.477
22,self_attn.o_proj,0.0000030031,0.05000,0.753
22,mlp.up_proj,0.0000363066,0.05000,1.660
22,mlp.gate_proj,0.0000361609,0.05000,1.685
22,mlp.down_proj,0.0000017274,0.05000,2.046
23,self_attn.k_proj,0.0000045778,0.05000,1.245
23,self_attn.q_proj,0.0000136227,0.05000,1.416
23,self_attn.v_proj,0.0000045814,0.05000,0.465
23,self_attn.o_proj,0.0000030206,0.05000,0.568
23,mlp.up_proj,0.0000362980,0.05000,1.758
23,mlp.gate_proj,0.0000361999,0.05000,1.768
23,mlp.down_proj,0.0000016796,0.05000,2.055
24,self_attn.k_proj,0.0000045686,0.05000,1.055
24,self_attn.q_proj,0.0000137430,0.05000,1.203
24,self_attn.v_proj,0.0000045388,0.05000,0.490
24,self_attn.o_proj,0.0000029727,0.05000,0.723
24,mlp.gate_proj,0.0000361439,0.05000,1.642
24,mlp.up_proj,0.0000364313,0.05000,1.677
24,mlp.down_proj,0.0000017403,0.05000,2.165
25,self_attn.k_proj,0.0000045674,0.05000,1.024
25,self_attn.q_proj,0.0000137126,0.05000,1.172
25,self_attn.v_proj,0.0000045532,0.05000,0.435
25,self_attn.o_proj,0.0000031205,0.05000,0.622
25,mlp.up_proj,0.0000364999,0.05000,1.711
25,mlp.gate_proj,0.0000364177,0.05000,1.728
25,mlp.down_proj,0.0000017079,0.05000,2.101
26,self_attn.k_proj,0.0000045368,0.05000,1.081
26,self_attn.q_proj,0.0000137154,0.05000,1.249
26,self_attn.v_proj,0.0000045373,0.05000,0.490
26,self_attn.o_proj,0.0000030561,0.05000,0.676
26,mlp.gate_proj,0.0000361484,0.05000,1.671
26,mlp.up_proj,0.0000361640,0.05000,1.686
26,mlp.down_proj,0.0000017011,0.05000,1.957
27,self_attn.k_proj,0.0000045827,0.05000,1.123
27,self_attn.q_proj,0.0000138062,0.05000,1.270
27,self_attn.v_proj,0.0000046047,0.05000,0.458
27,self_attn.o_proj,0.0000029764,0.05000,0.681
27,mlp.up_proj,0.0000362148,0.05000,1.837
27,mlp.gate_proj,0.0000361449,0.05000,1.854
27,mlp.down_proj,0.0000016351,0.05000,1.950
28,self_attn.k_proj,0.0000045378,0.05000,1.054
28,self_attn.q_proj,0.0000137753,0.05000,1.189
28,self_attn.v_proj,0.0000045159,0.05000,0.440
28,self_attn.o_proj,0.0000030307,0.05000,0.680
28,mlp.up_proj,0.0000363074,0.05000,1.706
28,mlp.gate_proj,0.0000363839,0.05000,1.713
28,mlp.down_proj,0.0000016052,0.05000,2.036
29,self_attn.k_proj,0.0000045783,0.05000,1.072
29,self_attn.q_proj,0.0000137231,0.05000,1.236
29,self_attn.v_proj,0.0000045625,0.05000,0.518
29,self_attn.o_proj,0.0000030348,0.05000,0.711
29,mlp.gate_proj,0.0000363643,0.05000,1.685
29,mlp.up_proj,0.0000364814,0.05000,1.685
29,mlp.down_proj,0.0000016449,0.05000,1.946
30,self_attn.k_proj,0.0000045777,0.05000,1.151
30,self_attn.q_proj,0.0000137233,0.05000,1.307
30,self_attn.v_proj,0.0000046065,0.05000,0.468
30,self_attn.o_proj,0.0000030666,0.05000,0.653
30,mlp.up_proj,0.0000363740,0.05000,1.713
30,mlp.gate_proj,0.0000363463,0.05000,1.725
30,mlp.down_proj,0.0000016269,0.05000,1.944
31,self_attn.k_proj,0.0000045518,0.05000,1.062
31,self_attn.q_proj,0.0000138168,0.05000,1.217
31,self_attn.v_proj,0.0000045698,0.05000,0.506
31,self_attn.o_proj,0.0000030669,0.05000,0.646
31,mlp.gate_proj,0.0000364926,0.05000,1.631
31,mlp.up_proj,0.0000364845,0.05000,1.641
31,mlp.down_proj,0.0000017301,0.05000,2.118
