cell_a,cell_b,delta_ppl_diff,D_diff
ctx512/noBOS,ctx512/BOS,+0.1581,+0.00068
ctx512/noBOS,ctx1024/noBOS,-1.0326,-0.01376
ctx512/noBOS,ctx1024/BOS,-0.9386,-0.01190
ctx512/noBOS,ctx2048/noBOS,-1.6167,-0.02130
ctx512/noBOS,ctx2048/BOS,-1.5594,-0.01949
ctx512/BOS,ctx1024/noBOS,-1.1907,-0.01444
ctx512/BOS,ctx1024/BOS,-1.0967,-0.01258
ctx512/BOS,ctx2048/noBOS,-1.7748,-0.02198
ctx512/BOS,ctx2048/BOS,-1.7175,-0.02016
ctx1024/noBOS,ctx1024/BOS,+0.0939,+0.00186
ctx1024/noBOS,ctx2048/noBOS,-0.5841,-0.00754
ctx1024/noBOS,ctx2048/BOS,-0.5268,-0.00573
ctx1024/BOS,ctx2048/noBOS,-0.6781,-0.00940
ctx1024/BOS,ctx2048/BOS,-0.6208,-0.00759
ctx2048/noBOS,ctx2048/BOS,+0.0573,+0.00181
