setting,sd,n_observed,n_delta_0.1,n_delta_0.25,n_delta_0.5,n_delta_1,n_delta_2
SmolLM2-135M · GPTQ W4 g128 · 128×512 · SDPA,0.020854098810501046,5,2,2,2,2,2
SmolLM2-135M · GPTQ W3 g128 · 128×512 · SDPA,0.7225292342342193,5,820,132,33,9,3
SmolLM2-135M · GPTQ W3 g128 · 128×2048 · SDPA,1.137904175473265,5,2033,326,82,21,6
SmolLM2-135M · GPTQ W4 g128 · 128×512 · eager,0.10518206860626012,3,18,3,2,2,2
SmolLM2-135M · GPTQ W3 g128 · 128×512 · eager,0.7155040678854936,3,804,129,33,9,3
SmolLM2-135M · GPTQ W4 g128 · 128×2048 · eager,0.13085165803653045,5,27,5,2,2,2
SmolLM2-135M · GPTQ W3 g128 · 128×2048 · eager,1.2560624999749672,10,2477,397,100,25,7
Qwen2.5-0.5B · GPTQ W3 g128 · 128×512 · eager,0.16474961578411218,3,43,7,2,2,2
Qwen2.5-0.5B · GPTQ W3 g128 · 128×2048 · eager,0.30389435115392455,5,145,24,6,2,2
SmolLM2-135M · Wanda 50 % unstr. · 128×512,0.12266910157237997,5,24,4,2,2,2
SmolLM2-135M · Wanda 60 % unstr. · 128×512,0.3201390154004916,3,161,26,7,2,2
SmolLM2-135M · Wanda 2:4 · 128×512,1.551385618822197,3,3779,605,152,38,10
SmolLM2-135M · Wanda 70 % unstr. · 128×512,329.2633113210789,3,170186205,27229793,6807449,1701863,425466
