model,window_L,layer,share_pos0_pct,share_pos0_3_pct,pos0_over_median,max_pos
SmolLM2-135M,512,0,0.274599,0.821901,1.43379,438
SmolLM2-135M,512,1,2.5916,3.54485,14.7009,0
SmolLM2-135M,512,2,20.5831,23.6949,438.189,0
SmolLM2-135M,512,3,0.0104282,0.63946,0.0566502,139
SmolLM2-135M,512,4,0.00562959,0.509545,0.029671,219
SmolLM2-135M,512,5,0.00728888,0.482823,0.0382633,460
SmolLM2-135M,512,6,0.0044702,0.459711,0.0236352,183
SmolLM2-135M,512,7,0.0287208,0.509924,0.155153,115
SmolLM2-135M,512,8,1.36168,1.87966,7.23945,0
SmolLM2-135M,512,9,14.7311,16.2583,114.602,0
SmolLM2-135M,512,10,1.48893,2.42343,8.81586,0
SmolLM2-135M,512,11,99.7236,99.7248,187173,0
SmolLM2-135M,512,12,0.000330254,0.475267,0.00174993,398
SmolLM2-135M,512,13,0.000566556,0.522303,0.00295831,394
SmolLM2-135M,512,14,0.00111142,0.783261,0.00578116,177
SmolLM2-135M,512,15,0.000588822,0.443271,0.00304543,192
SmolLM2-135M,512,16,0.000660904,0.415335,0.00342375,325
SmolLM2-135M,512,17,0.000253206,0.447755,0.00130073,185
SmolLM2-135M,512,18,0.000231624,0.376352,0.00118053,119
SmolLM2-135M,512,19,0.000578369,0.389201,0.00299835,324
SmolLM2-135M,512,20,0.000337073,0.393815,0.00173449,325
SmolLM2-135M,512,21,0.000684035,0.448779,0.00357581,329
SmolLM2-135M,512,22,0.000318483,0.45253,0.00164461,188
SmolLM2-135M,512,23,0.000391958,0.429102,0.00203391,404
SmolLM2-135M,512,24,0.000260628,0.498055,0.00136142,103
SmolLM2-135M,512,25,0.000388425,0.435789,0.00203441,479
SmolLM2-135M,512,26,0.000518337,0.326838,0.00277367,479
SmolLM2-135M,512,27,0.0472123,0.391338,0.244958,336
SmolLM2-135M,512,28,81.3355,81.4185,2232.76,0
SmolLM2-135M,512,29,4.21888,4.65996,22.8116,0
SmolLM2-135M,2048,0,0.0692681,0.207326,1.45079,1025
SmolLM2-135M,2048,1,0.682649,0.933743,15.1705,0
SmolLM2-135M,2048,2,10.3028,11.8604,453.219,0
SmolLM2-135M,2048,3,0.00265529,0.162823,0.0577815,139
SmolLM2-135M,2048,4,0.00144351,0.130655,0.0303195,773
SmolLM2-135M,2048,5,0.00181833,0.120448,0.038156,1624
SmolLM2-135M,2048,6,0.00110767,0.113912,0.0233669,1859
SmolLM2-135M,2048,7,0.00708752,0.125835,0.150664,1219
SmolLM2-135M,2048,8,0.346145,0.477819,7.26612,0
SmolLM2-135M,2048,9,4.83053,5.3313,115.1,0
SmolLM2-135M,2048,10,0.410327,0.66786,9.08661,0
SmolLM2-135M,2048,11,98.9077,98.9089,190191,0
SmolLM2-135M,2048,12,8.47822e-05,0.12201,0.00179506,398
SmolLM2-135M,2048,13,0.0001387,0.127866,0.00288688,1411
SmolLM2-135M,2048,14,0.000270821,0.190859,0.00565896,1748
SmolLM2-135M,2048,15,0.000144878,0.109066,0.00299873,1872
SmolLM2-135M,2048,16,0.00016086,0.10109,0.00333484,1450
SmolLM2-135M,2048,17,5.8692e-05,0.103788,0.0012148,1872
SmolLM2-135M,2048,18,5.45841e-05,0.0886903,0.00112783,1958
SmolLM2-135M,2048,19,0.000142791,0.0960884,0.00295765,2023
SmolLM2-135M,2048,20,7.99467e-05,0.0934046,0.00164596,2024
SmolLM2-135M,2048,21,0.000169504,0.111207,0.0035552,1933
SmolLM2-135M,2048,22,7.78893e-05,0.110672,0.00162421,1521
SmolLM2-135M,2048,23,9.77787e-05,0.107045,0.00206075,404
SmolLM2-135M,2048,24,6.60474e-05,0.126215,0.00139068,103
SmolLM2-135M,2048,25,0.000100271,0.112497,0.00214423,479
SmolLM2-135M,2048,26,0.00013036,0.0821982,0.00275645,479
SmolLM2-135M,2048,27,0.0120644,0.100001,0.250313,618
SmolLM2-135M,2048,28,53.4523,53.5069,2355.58,0
SmolLM2-135M,2048,29,1.10498,1.22051,23.2715,0
