setting,seed,gptq_ppl,rtn_ppl,delta_ppl,ln_ratio
SmolLM2-135M · GPTQ W4 g128 · 128×512 · SDPA · WT,0,17.744843,22.225113,-4.480270,-0.225128
SmolLM2-135M · GPTQ W4 g128 · 128×512 · SDPA · WT,1,17.738263,22.225113,-4.486851,-0.225499
SmolLM2-135M · GPTQ W4 g128 · 128×512 · SDPA · WT,2,17.710422,22.225113,-4.514691,-0.227070
SmolLM2-135M · GPTQ W4 g128 · 128×512 · SDPA · WT,3,17.764491,22.225113,-4.460623,-0.224021
SmolLM2-135M · GPTQ W4 g128 · 128×512 · SDPA · WT,4,17.756804,22.225113,-4.468309,-0.224454
SmolLM2-135M · GPTQ W4 g128 · 128×512 · eager · WT,0,17.660599,22.225113,-4.564514,-0.229887
SmolLM2-135M · GPTQ W4 g128 · 128×512 · eager · WT,1,17.756437,22.225113,-4.468676,-0.224475
SmolLM2-135M · GPTQ W4 g128 · 128×512 · eager · WT,2,17.546342,22.225113,-4.678772,-0.236377
SmolLM2-135M · GPTQ W4 g128 · 128×2048 · eager · WT,0,18.649760,22.225113,-3.575353,-0.175390
SmolLM2-135M · GPTQ W4 g128 · 128×2048 · eager · WT,1,18.862304,22.225113,-3.362810,-0.164057
SmolLM2-135M · GPTQ W4 g128 · 128×2048 · eager · WT,2,18.904189,22.225113,-3.320925,-0.161839
SmolLM2-135M · GPTQ W4 g128 · 128×2048 · eager · WT,3,19.006338,22.225113,-3.218775,-0.156450
SmolLM2-135M · GPTQ W4 g128 · 128×2048 · eager · WT,4,18.890842,22.225113,-3.334272,-0.162546
SmolLM2-135M · GPTQ W4 · 128×2048 · eager · C4,0,24.925849,27.468394,-2.542544,-0.097131
SmolLM2-135M · GPTQ W4 · 128×2048 · eager · C4,1,25.191651,27.468394,-2.276743,-0.086523
SmolLM2-135M · GPTQ W4 · 128×2048 · eager · C4,2,25.092250,27.468394,-2.376144,-0.090477
SmolLM2-135M · GPTQ W4 · 128×512 · wikitext2-cal · eager · C4,0,23.898265,27.468394,-3.570129,-0.139230
SmolLM2-135M · GPTQ W4 · 128×512 · wikitext2-cal · eager · C4,1,23.974057,27.468394,-3.494336,-0.136064
SmolLM2-135M · GPTQ W4 · 128×512 · wikitext2-cal · eager · C4,2,23.691461,27.468394,-3.776933,-0.147921
SmolLM2-135M · GPTQ W4 · 128×512 · c4-cal · eager · WT,0,19.306090,22.225113,-2.919023,-0.140802
SmolLM2-135M · GPTQ W4 · 128×512 · c4-cal · eager · WT,1,19.225564,22.225113,-2.999549,-0.144982
SmolLM2-135M · GPTQ W4 · 128×512 · c4-cal · eager · WT,2,19.367587,22.225113,-2.857526,-0.137622
SmolLM2-135M · GPTQ W4 · 128×512 · c4-cal · eager · C4,0,23.508786,27.468394,-3.959608,-0.155662
SmolLM2-135M · GPTQ W4 · 128×512 · c4-cal · eager · C4,1,23.475198,27.468394,-3.993195,-0.157092
SmolLM2-135M · GPTQ W4 · 128×512 · c4-cal · eager · C4,2,23.654923,27.468394,-3.813470,-0.149465
SmolLM2-135M · GPTQ W3 g128 · 128×512 · SDPA · WT,0,37.466792,287.540221,-250.073429,-2.037908
SmolLM2-135M · GPTQ W3 g128 · 128×512 · SDPA · WT,1,38.905153,287.540221,-248.635067,-2.000236
SmolLM2-135M · GPTQ W3 g128 · 128×512 · SDPA · WT,2,37.764983,287.540221,-249.775238,-2.029980
SmolLM2-135M · GPTQ W3 g128 · 128×512 · SDPA · WT,3,37.169309,287.540221,-250.370912,-2.045879
SmolLM2-135M · GPTQ W3 g128 · 128×512 · SDPA · WT,4,38.497032,287.540221,-249.043189,-2.010782
SmolLM2-135M · GPTQ W3 g128 · 128×2048 · SDPA · WT,0,41.279095,287.540221,-246.261126,-1.941007
SmolLM2-135M · GPTQ W3 g128 · 128×2048 · SDPA · WT,1,43.095774,287.540221,-244.444447,-1.897938
SmolLM2-135M · GPTQ W3 g128 · 128×2048 · SDPA · WT,2,43.950109,287.540221,-243.590111,-1.878308
SmolLM2-135M · GPTQ W3 g128 · 128×2048 · SDPA · WT,3,44.167346,287.540221,-243.372874,-1.873377
SmolLM2-135M · GPTQ W3 g128 · 128×2048 · SDPA · WT,4,43.054096,287.540221,-244.486125,-1.898905
SmolLM2-135M · GPTQ W3 g128 · 128×512 · eager · WT,0,37.914189,287.540221,-249.626032,-2.026037
SmolLM2-135M · GPTQ W3 g128 · 128×512 · eager · WT,1,38.491149,287.540221,-249.049071,-2.010934
SmolLM2-135M · GPTQ W3 g128 · 128×512 · eager · WT,2,39.336766,287.540221,-248.203454,-1.989203
SmolLM2-135M · GPTQ W3 g128 · 128×2048 · eager · WT,0,43.958738,287.540221,-243.581483,-1.878111
SmolLM2-135M · GPTQ W3 g128 · 128×2048 · eager · WT,1,42.498800,287.540221,-245.041420,-1.911887
SmolLM2-135M · GPTQ W3 g128 · 128×2048 · eager · WT,2,43.998597,287.540221,-243.541624,-1.877205
SmolLM2-135M · GPTQ W3 g128 · 128×2048 · eager · WT,3,42.555207,287.540221,-244.985014,-1.910561
SmolLM2-135M · GPTQ W3 g128 · 128×2048 · eager · WT,4,44.358171,287.540221,-243.182049,-1.869066
SmolLM2-135M · GPTQ W3 g128 · 128×2048 · eager · WT,5,42.462082,287.540221,-245.078138,-1.912751
SmolLM2-135M · GPTQ W3 g128 · 128×2048 · eager · WT,6,43.733412,287.540221,-243.806809,-1.883250
SmolLM2-135M · GPTQ W3 g128 · 128×2048 · eager · WT,7,40.298961,287.540221,-247.241259,-1.965037
SmolLM2-135M · GPTQ W3 g128 · 128×2048 · eager · WT,8,41.556848,287.540221,-245.983373,-1.934300
SmolLM2-135M · GPTQ W3 g128 · 128×2048 · eager · WT,9,43.084317,287.540221,-244.455904,-1.898204
SmolLM2-135M · GPTQ W3 · 128×2048 · eager · C4,0,72.843606,253.283090,-180.439484,-1.246193
SmolLM2-135M · GPTQ W3 · 128×2048 · eager · C4,1,71.792599,253.283090,-181.490491,-1.260726
SmolLM2-135M · GPTQ W3 · 128×2048 · eager · C4,2,71.780127,253.283090,-181.502963,-1.260900
SmolLM2-135M · GPTQ W3 · 128×512 · wikitext2-cal · eager · C4,0,62.772554,253.283090,-190.510536,-1.394990
SmolLM2-135M · GPTQ W3 · 128×512 · wikitext2-cal · eager · C4,1,65.092776,253.283090,-188.190314,-1.358694
SmolLM2-135M · GPTQ W3 · 128×512 · wikitext2-cal · eager · C4,2,64.702033,253.283090,-188.581057,-1.364715
SmolLM2-135M · GPTQ W3 · 128×512 · c4-cal · eager · WT,0,50.386381,287.540221,-237.153839,-1.741642
SmolLM2-135M · GPTQ W3 · 128×512 · c4-cal · eager · WT,1,50.025415,287.540221,-237.514805,-1.748832
SmolLM2-135M · GPTQ W3 · 128×512 · c4-cal · eager · WT,2,49.712716,287.540221,-237.827505,-1.755102
SmolLM2-135M · GPTQ W3 · 128×512 · c4-cal · eager · C4,0,54.734700,253.283090,-198.548389,-1.532010
SmolLM2-135M · GPTQ W3 · 128×512 · c4-cal · eager · C4,1,56.685557,253.283090,-196.597533,-1.496988
SmolLM2-135M · GPTQ W3 · 128×512 · c4-cal · eager · C4,2,53.151112,253.283090,-200.131978,-1.561369
SmolLM2-135M · GPTQ W4 s0 · 128×512 · eager · S4 ctx512/noBOS,0,24.317232,31.110486,-6.793253,-0.246360
SmolLM2-135M · GPTQ W4 s0 · 128×512 · eager · S4 ctx512/BOS,0,25.050206,31.050064,-5.999858,-0.214719
SmolLM2-135M · GPTQ W4 s0 · 128×512 · eager · S4 ctx1024/noBOS,0,20.219916,25.585866,-5.365950,-0.235372
SmolLM2-135M · GPTQ W4 s0 · 128×512 · eager · S4 ctx1024/BOS,0,20.557752,25.540832,-4.983080,-0.217040
SmolLM2-135M · GPTQ W4 s0 · 128×512 · eager · S4 ctx2048/noBOS,0,17.664362,22.225113,-4.560752,-0.229674
SmolLM2-135M · GPTQ W4 s0 · 128×512 · eager · S4 ctx2048/BOS,0,17.835811,22.251467,-4.415656,-0.221200
